{
  "ads": [
    {
      "id": "ad1",
      "title": "عروض سيارات تويوتا الجديدة",
      "description": "استمتع بعروض حصرية على سيارات تويوتا 2025 الجديدة. تمويل بدون فوائد وصيانة مجانية لمدة سنتين.",
      "image": "toyota_ad.jpg",
      "category": "السيارات",
      "advertiser": "شركة عبداللطيف جميل",
      "reward": 5.50,
      "duration": 30,
      "target_audience": {
        "age_range": [25, 55],
        "gender": "الجميع",
        "regions": ["الرياض", "جدة", "الدمام"],
        "interests": ["السيارات", "التكنولوجيا"]
      },
      "status": "نشط",
      "views": 1250,
      "clicks": 320,
      "ctr": 25.6
    },
    {
      "id": "ad2",
      "title": "اشترك في باقات STC الجديدة",
      "description": "باقات إنترنت غير محدودة مع مكالمات مجانية. اشترك الآن واحصل على خصم 50% للشهر الأول.",
      "image": "stc_ad.jpg",
      "category": "التكنولوجيا",
      "advertiser": "STC",
      "reward": 4.75,
      "duration": 45,
      "target_audience": {
        "age_range": [18, 65],
        "gender": "الجميع",
        "regions": ["جميع المناطق"],
        "interests": ["التكنولوجيا", "الاتصالات"]
      },
      "status": "نشط",
      "views": 2100,
      "clicks": 580,
      "ctr": 27.6
    },
    {
      "id": "ad3",
      "title": "تخفيضات نهاية الموسم من H&M",
      "description": "تخفيضات تصل إلى 70% على جميع الملابس والإكسسوارات. تسوق الآن قبل نفاد الكمية.",
      "image": "hm_ad.jpg",
      "category": "الموضة",
      "advertiser": "H&M",
      "reward": 3.25,
      "duration": 20,
      "target_audience": {
        "age_range": [16, 45],
        "gender": "الجميع",
        "regions": ["الرياض", "جدة", "مكة"],
        "interests": ["الموضة", "التسوق"]
      },
      "status": "نشط",
      "views": 1850,
      "clicks": 620,
      "ctr": 33.5
    },
    {
      "id": "ad4",
      "title": "احجز رحلتك مع الخطوط السعودية",
      "description": "عروض خاصة على الرحلات الدولية. احجز الآن واحصل على خصم 15% وأميال إضافية.",
      "image": "saudia_ad.jpg",
      "category": "السفر",
      "advertiser": "الخطوط السعودية",
      "reward": 6.00,
      "duration": 40,
      "target_audience": {
        "age_range": [25, 65],
        "gender": "الجميع",
        "regions": ["جميع المناطق"],
        "interests": ["السفر", "السياحة"]
      },
      "status": "نشط",
      "views": 1450,
      "clicks": 380,
      "ctr": 26.2
    },
    {
      "id": "ad5",
      "title": "تطبيق نون للتسوق الإلكتروني",
      "description": "تسوق من أكثر من 10,000 علامة تجارية. توصيل سريع ودفع عند الاستلام.",
      "image": "noon_ad.jpg",
      "category": "التسوق",
      "advertiser": "نون",
      "reward": 4.25,
      "duration": 35,
      "target_audience": {
        "age_range": [18, 55],
        "gender": "الجميع",
        "regions": ["جميع المناطق"],
        "interests": ["التسوق", "التكنولوجيا"]
      },
      "status": "نشط",
      "views": 2350,
      "clicks": 720,
      "ctr": 30.6
    },
    {
      "id": "ad6",
      "title": "عروض العودة للمدارس من جرير",
      "description": "خصومات تصل إلى 40% على جميع المستلزمات المدرسية والقرطاسية. تسوق الآن!",
      "image": "jarir_ad.jpg",
      "category": "التعليم",
      "advertiser": "مكتبة جرير",
      "reward": 3.75,
      "duration": 25,
      "target_audience": {
        "age_range": [25, 50],
        "gender": "الجميع",
        "regions": ["جميع المناطق"],
        "interests": ["التعليم", "التسوق"]
      },
      "status": "نشط",
      "views": 1650,
      "clicks": 520,
      "ctr": 31.5
    },
    {
      "id": "ad7",
      "title": "اشترك في نادي وقت اللياقة",
      "description": "اشتراكات مخفضة لفترة محدودة. احصل على مدرب شخصي مجاناً لأول شهر.",
      "image": "fitness_time_ad.jpg",
      "category": "الصحة",
      "advertiser": "وقت اللياقة",
      "reward": 5.25,
      "duration": 30,
      "target_audience": {
        "age_range": [18, 45],
        "gender": "الجميع",
        "regions": ["الرياض", "جدة", "الدمام"],
        "interests": ["الصحة", "الرياضة"]
      },
      "status": "نشط",
      "views": 1250,
      "clicks": 340,
      "ctr": 27.2
    },
    {
      "id": "ad8",
      "title": "استثمر في الأسهم السعودية",
      "description": "ابدأ الاستثمار مع الراجحي كابيتال. رسوم تداول مخفضة وتحليلات مالية متقدمة.",
      "image": "alrajhi_ad.jpg",
      "category": "الاستثمار",
      "advertiser": "الراجحي كابيتال",
      "reward": 7.50,
      "duration": 45,
      "target_audience": {
        "age_range": [30, 65],
        "gender": "الجميع",
        "regions": ["جميع المناطق"],
        "interests": ["الاستثمار", "الأعمال"]
      },
      "status": "نشط",
      "views": 980,
      "clicks": 210,
      "ctr": 21.4
    },
    {
      "id": "ad9",
      "title": "تملك الآن في مشروع ذا لاين",
      "description": "فرصة للاستثمار في أحدث المشاريع العقارية في نيوم. أقساط مرنة وعوائد استثمارية مجزية.",
      "image": "neom_ad.jpg",
      "category": "العقارات",
      "advertiser": "نيوم",
      "reward": 8.00,
      "duration": 60,
      "target_audience": {
        "age_range": [35, 65],
        "gender": "الجميع",
        "regions": ["جميع المناطق"],
        "interests": ["العقارات", "الاستثمار"]
      },
      "status": "نشط",
      "views": 850,
      "clicks": 180,
      "ctr": 21.2
    }
  ],
  "user_ads": {
    "user1": ["ad1", "ad2", "ad4", "ad8", "ad9"],
    "user2": ["ad3", "ad5", "ad6", "ad7"],
    "user3": ["ad2", "ad4", "ad8", "ad9"]
  }
}
