[
  {
    "id": "1",
    "name": "اكتشف وجهات جديدة مع الخطوط السعودية",
    "type": "ad",
    "industry": "airline",
    "company": "الخطوط السعودية",
    "description": "شاهد إعلان الوجهات الجديدة للخطوط السعودية واكسب مكافأة مالية.",
    "reward": 3.50,
    "targeting": {
      "age_min": 18,
      "age_max": 65,
      "gender": ["Male", "Female"],
      "cities": ["Riyadh", "Jeddah", "Dammam", "Mecca", "Medina"],
      "interests": ["Travel", "Tourism", "Luxury"]
    },
    "status": "active",
    "start_date": "2025-04-01",
    "end_date": "2025-05-01"
  },
  {
    "id": "2",
    "name": "استبيان تجربة السفر",
    "type": "survey",
    "industry": "airline",
    "company": "الخطوط السعودية",
    "description": "شارك في استبيان حول تجربة السفر مع الخطوط السعودية واكسب مكافأة مالية.",
    "reward": 15.00,
    "targeting": {
      "age_min": 21,
      "age_max": 60,
      "gender": ["Male", "Female"],
      "cities": ["Riyadh", "Jeddah", "Dammam", "Mecca", "Medina"],
      "interests": ["Travel", "Tourism"]
    },
    "status": "active",
    "start_date": "2025-04-05",
    "end_date": "2025-05-05"
  },
  {
    "id": "3",
    "name": "باقات الجيل الخامس الجديدة",
    "type": "ad",
    "industry": "telecom",
    "company": "الاتصالات السعودية",
    "description": "شاهد إعلان باقات الجيل الخامس الجديدة من الاتصالات السعودية واكسب مكافأة مالية.",
    "reward": 2.50,
    "targeting": {
      "age_min": 16,
      "age_max": 65,
      "gender": ["Male", "Female"],
      "cities": ["Riyadh", "Jeddah", "Dammam", "Mecca", "Medina", "Taif"],
      "interests": ["Technology", "Social Media", "Gaming"]
    },
    "status": "active",
    "start_date": "2025-04-10",
    "end_date": "2025-05-10"
  },
  {
    "id": "4",
    "name": "استبيان جودة الخدمة",
    "type": "survey",
    "industry": "telecom",
    "company": "الاتصالات السعودية",
    "description": "شارك في استبيان حول جودة خدمات الاتصالات السعودية واكسب مكافأة مالية.",
    "reward": 12.00,
    "targeting": {
      "age_min": 18,
      "age_max": 65,
      "gender": ["Male", "Female"],
      "cities": ["Riyadh", "Jeddah", "Dammam", "Mecca", "Medina", "Taif"],
      "interests": ["Technology", "Social Media"]
    },
    "status": "active",
    "start_date": "2025-04-15",
    "end_date": "2025-05-15"
  },
  {
    "id": "5",
    "name": "حقوق المستهلك",
    "type": "ad",
    "industry": "government",
    "company": "وزارة التجارة",
    "description": "شاهد إعلان توعوي عن حقوق المستهلك من وزارة التجارة واكسب مكافأة مالية.",
    "reward": 1.50,
    "targeting": {
      "age_min": 18,
      "age_max": 65,
      "gender": ["Male", "Female"],
      "cities": ["Riyadh", "Jeddah", "Dammam", "Mecca", "Medina", "Taif", "Abha", "Tabuk"],
      "interests": ["News", "Education", "Business"]
    },
    "status": "active",
    "start_date": "2025-04-01",
    "end_date": "2025-06-01"
  },
  {
    "id": "6",
    "name": "استبيان الخدمات الإلكترونية",
    "type": "survey",
    "industry": "government",
    "company": "وزارة التجارة",
    "description": "شارك في استبيان حول الخدمات الإلكترونية لوزارة التجارة واكسب مكافأة مالية.",
    "reward": 10.00,
    "targeting": {
      "age_min": 21,
      "age_max": 60,
      "gender": ["Male", "Female"],
      "cities": ["Riyadh", "Jeddah", "Dammam", "Mecca", "Medina", "Taif", "Abha", "Tabuk"],
      "interests": ["Technology", "Business", "Education"]
    },
    "status": "active",
    "start_date": "2025-04-05",
    "end_date": "2025-06-05"
  },
  {
    "id": "7",
    "name": "سيارات صينية بمواصفات عالمية",
    "type": "ad",
    "industry": "automotive",
    "company": "السيارات الصينية",
    "description": "شاهد إعلان عن أحدث السيارات الصينية في السوق السعودي واكسب مكافأة مالية.",
    "reward": 3.00,
    "targeting": {
      "age_min": 18,
      "age_max": 65,
      "gender": ["Male", "Female"],
      "cities": ["Riyadh", "Jeddah", "Dammam", "Mecca", "Medina"],
      "interests": ["Automotive", "Technology", "Luxury"]
    },
    "status": "active",
    "start_date": "2025-04-10",
    "end_date": "2025-05-10"
  },
  {
    "id": "8",
    "name": "استبيان عن السيارات الصينية",
    "type": "survey",
    "industry": "automotive",
    "company": "السيارات الصينية",
    "description": "شارك في استبيان حول تجربتك مع السيارات الصينية وآرائك عنها واكسب مكافأة مالية.",
    "reward": 20.00,
    "targeting": {
      "age_min": 21,
      "age_max": 60,
      "gender": ["Male", "Female"],
      "cities": ["Riyadh", "Jeddah", "Dammam", "Mecca", "Medina"],
      "interests": ["Automotive", "Technology"]
    },
    "status": "active",
    "start_date": "2025-04-15",
    "end_date": "2025-05-15"
  }
]
