{
  "merchants": [
    {
      "id": "merchant1",
      "username": "saudi_motors",
      "password": "Bushra@2025",
      "name": "شركة السيارات السعودية",
      "email": "info@saudimotors.example.com",
      "phone": "01xxxxxxxx",
      "address": "الرياض، طريق الملك فهد",
      "industry": "السيارات",
      "contact_person": "محمد العتيبي",
      "campaign_type": "إعلان",
      "wallet": {
        "balance": 25000.00,
        "total_spent": 75000.00,
        "pending_campaigns": 15000.00
      },
      "campaigns": [
        {
          "id": "campaign1",
          "name": "عروض سيارات تويوتا الجديدة",
          "type": "إعلان",
          "status": "نشط",
          "budget": 15000.00,
          "spent": 8500.00,
          "start_date": "2025-03-15",
          "end_date": "2025-05-15",
          "target_audience": {
            "age_range": [25, 55],
            "gender": "الجميع",
            "regions": ["الرياض", "جدة", "الدمام"],
            "interests": ["السيارات", "التكنولوجيا"]
          },
          "performance": {
            "impressions": 12500,
            "clicks": 3200,
            "ctr": 25.6,
            "conversions": 180
          }
        }
      ]
    },
    {
      "id": "merchant2",
      "username": "health_awareness",
      "password": "Bushra@2025",
      "name": "وزارة الصحة - حملات التوعية",
      "email": "awareness@moh.example.gov.sa",
      "phone": "01xxxxxxxx",
      "address": "الرياض، حي المربع",
      "industry": "الصحة",
      "contact_person": "سارة الزهراني",
      "campaign_type": "حملة توعوية",
      "wallet": {
        "balance": 50000.00,
        "total_spent": 120000.00,
        "pending_campaigns": 30000.00
      },
      "campaigns": [
        {
          "id": "campaign2",
          "name": "حملة التوعية بمرض السكري",
          "type": "حملة توعوية",
          "status": "نشط",
          "budget": 30000.00,
          "spent": 12000.00,
          "start_date": "2025-04-01",
          "end_date": "2025-06-30",
          "target_audience": {
            "age_range": [30, 65],
            "gender": "الجميع",
            "regions": ["جميع المناطق"],
            "interests": ["الصحة", "الرياضة", "التغذية"]
          },
          "performance": {
            "impressions": 25000,
            "clicks": 8500,
            "ctr": 34.0,
            "conversions": 1200
          }
        }
      ]
    },
    {
      "id": "merchant3",
      "username": "market_research",
      "password": "Bushra@2025",
      "name": "شركة أبحاث السوق المتقدمة",
      "email": "info@marketresearch.example.com",
      "phone": "01xxxxxxxx",
      "address": "جدة، شارع التحلية",
      "industry": "أبحاث السوق",
      "contact_person": "فيصل القحطاني",
      "campaign_type": "استبيان",
      "wallet": {
        "balance": 35000.00,
        "total_spent": 85000.00,
        "pending_campaigns": 20000.00
      },
      "campaigns": [
        {
          "id": "campaign3",
          "name": "استبيان حول عادات التسوق الإلكتروني",
          "type": "استبيان",
          "status": "نشط",
          "budget": 20000.00,
          "spent": 9500.00,
          "start_date": "2025-03-20",
          "end_date": "2025-05-20",
          "target_audience": {
            "age_range": [18, 55],
            "gender": "الجميع",
            "regions": ["جميع المناطق"],
            "interests": ["التسوق", "التكنولوجيا", "الإنترنت"]
          },
          "performance": {
            "impressions": 18000,
            "completions": 4500,
            "completion_rate": 25.0,
            "avg_time": "4:30"
          },
          "questions": [
            {
              "id": "q1",
              "text": "كم مرة تتسوق عبر الإنترنت شهرياً؟",
              "type": "multiple-choice",
              "options": ["أقل من مرة", "1-3 مرات", "4-10 مرات", "أكثر من 10 مرات"]
            },
            {
              "id": "q2",
              "text": "ما هي منصات التسوق الإلكتروني التي تستخدمها بانتظام؟",
              "type": "multiple-choice",
              "options": ["أمازون", "نون", "جملون", "نمشي", "أخرى"]
            },
            {
              "id": "q3",
              "text": "ما هي طريقة الدفع المفضلة لديك؟",
              "type": "multiple-choice",
              "options": ["بطاقة ائتمان", "مدى", "الدفع عند الاستلام", "أبل باي", "أخرى"]
            },
            {
              "id": "q4",
              "text": "ما مدى رضاك عن تجربة التسوق الإلكتروني بشكل عام؟",
              "type": "rating",
              "scale": 5
            },
            {
              "id": "q5",
              "text": "ما هي أهم العوامل التي تؤثر على قرار الشراء عبر الإنترنت؟",
              "type": "open-ended"
            }
          ]
        }
      ]
    }
  ]
}
