{
  "matches": [
    {
      "criteria": {
        "age_range": [18, 35],
        "gender": ["Male"],
        "city": "Riyadh",
        "interests": ["Automotive", "Technology"]
      },
      "potential_reach": 245,
      "sample_users": ["SA100000"]
    },
    {
      "criteria": {
        "age_range": [25, 45],
        "gender": ["Female"],
        "city": "Jeddah",
        "interests": ["Fashion", "Travel"]
      },
      "potential_reach": 180,
      "sample_users": ["SA100001"]
    },
    {
      "criteria": {
        "age_range": [35, 55],
        "gender": ["Male"],
        "city": "Dammam",
        "interests": ["Business", "Luxury"]
      },
      "potential_reach": 120,
      "sample_users": ["SA100002"]
    },
    {
      "criteria": {
        "age_range": [18, 65],
        "gender": ["Male", "Female"],
        "city": "Riyadh",
        "interests": ["Automotive"]
      },
      "potential_reach": 320,
      "sample_users": ["SA100000"]
    },
    {
      "criteria": {
        "age_range": [18, 65],
        "gender": ["Male", "Female"],
        "city": "Jeddah",
        "interests": ["Travel", "Technology"]
      },
      "potential_reach": 280,
      "sample_users": ["SA100001"]
    }
  ]
}
