{
  "total_users": 2000,
  "age_groups": {
    "13-17": 120,
    "18-24": 380,
    "25-34": 560,
    "35-44": 480,
    "45-54": 290,
    "55-64": 140,
    "65+": 30
  },
  "gender_distribution": {
    "Male": 1150,
    "Female": 850
  },
  "city_distribution": {
    "Riyadh": 780,
    "Jeddah": 520,
    "Dammam": 280,
    "Mecca": 180,
    "Medina": 120,
    "Taif": 60,
    "Abha": 40,
    "Tabuk": 20
  },
  "car_ownership": {
    "Yes": 1450,
    "No": 550
  },
  "car_brands": {
    "Toyota": 420,
    "Hyundai": 280,
    "Kia": 210,
    "Nissan": 180,
    "Ford": 120,
    "Chevrolet": 90,
    "Honda": 70,
    "BMW": 40,
    "Mercedes": 40
  },
  "interest_distribution": {
    "Technology": 980,
    "Social Media": 860,
    "Travel": 720,
    "Automotive": 680,
    "Sports": 650,
    "Food": 620,
    "Entertainment": 580,
    "Shopping": 540,
    "Health": 480,
    "Education": 420,
    "Business": 380,
    "News": 360,
    "Fashion": 340,
    "Gaming": 320,
    "Home": 280,
    "Family": 260,
    "Luxury": 180,
    "Real Estate": 160,
    "Politics": 120,
    "Religion": 100
  }
}
