[
  {
    "id": "tr-1",
    "userId": "1234567890",
    "type": "ad_view",
    "amount": 2,
    "description": "مشاهدة إعلان شركة الاتصالات السعودية",
    "date": "2025-04-19T21:02:37.683Z"
  },
  {
    "id": "tr-2",
    "userId": "1234567890",
    "type": "survey_complete",
    "amount": 8.5,
    "description": "استبيان عن تفضيلات السفر",
    "date": "2025-04-18T21:02:37.683Z"
  },
  {
    "id": "tr-3",
    "userId": "1234567890",
    "type": "ad_view",
    "amount": 1.5,
    "description": "مشاهدة إعلان نون للتسوق الإلكتروني",
    "date": "2025-04-17T21:02:37.683Z"
  },
  {
    "id": "tr-4",
    "userId": "1234567890",
    "type": "withdrawal",
    "amount": -50,
    "description": "سحب إلى البنك الأهلي السعودي",
    "date": "2025-04-15T21:02:37.683Z",
    "bankAccount": "البنك الأهلي السعودي",
    "accountNumber": "SA12****5678"
  }
]