{
  "users": [
    {
      "id": "user1",
      "username": "ahmed_abdullah",
      "password": "Bushra@2025",
      "name": "أحمد عبدالله",
      "email": "ahmed.abdullah@example.com",
      "phone": "05xxxxxxxx",
      "region": "الرياض",
      "age": 32,
      "gender": "ذكر",
      "interests": ["التكنولوجيا", "الرياضة", "السفر"],
      "education": "بكالوريوس",
      "wallet": {
        "balance": 450.75,
        "total_earned": 1250.50,
        "pending": 75.25
      },
      "preferences": {
        "max_daily_ads": 5,
        "categories": ["التكنولوجيا", "السيارات", "الرياضة"]
      },
      "stats": {
        "ads_viewed": 87,
        "surveys_completed": 12,
        "avg_engagement": 4.2
      }
    },
    {
      "id": "user2",
      "username": "nora_saeed",
      "password": "Bushra@2025",
      "name": "نورة سعيد",
      "email": "nora.saeed@example.com",
      "phone": "05xxxxxxxx",
      "region": "جدة",
      "age": 28,
      "gender": "أنثى",
      "interests": ["الموضة", "الصحة", "التعليم"],
      "education": "ماجستير",
      "wallet": {
        "balance": 325.50,
        "total_earned": 890.25,
        "pending": 45.75
      },
      "preferences": {
        "max_daily_ads": 3,
        "categories": ["الموضة", "الصحة", "التجميل"]
      },
      "stats": {
        "ads_viewed": 65,
        "surveys_completed": 18,
        "avg_engagement": 4.7
      }
    },
    {
      "id": "user3",
      "username": "khalid_omar",
      "password": "Bushra@2025",
      "name": "خالد عمر",
      "email": "khalid.omar@example.com",
      "phone": "05xxxxxxxx",
      "region": "الدمام",
      "age": 35,
      "gender": "ذكر",
      "interests": ["الأعمال", "العقارات", "السفر"],
      "education": "بكالوريوس",
      "wallet": {
        "balance": 780.25,
        "total_earned": 1850.75,
        "pending": 120.50
      },
      "preferences": {
        "max_daily_ads": 7,
        "categories": ["العقارات", "السيارات", "الاستثمار"]
      },
      "stats": {
        "ads_viewed": 125,
        "surveys_completed": 8,
        "avg_engagement": 3.9
      }
    }
  ]
}
