{
  "industryRewards": {
    "airline": {
      "adView": 4.50,
      "surveyCompletion": 15.00,
      "specialAction": 35.00,
      "description": "قطاع الطيران (الخطوط السعودية)",
      "rationale": "قيمة عالية للمشتريات، عملية اتخاذ قرار أطول، أنماط طلب موسمية، ولاء العملاء قيم"
    },
    "telecom": {
      "adView": 3.50,
      "surveyCompletion": 12.00,
      "specialAction": 25.00,
      "description": "قطاع الاتصالات (STC)",
      "rationale": "إيرادات اشتراك متكررة، تكاليف عالية لاكتساب العملاء، سوق تنافسية، قيمة عمر العميل طويلة"
    },
    "government": {
      "adView": 2.50,
      "surveyCompletion": 10.00,
      "specialAction": 15.00,
      "description": "الخدمات الحكومية (وزارة التجارة)",
      "rationale": "التركيز على الخدمة العامة، حملات إعلامية، الامتثال التنظيمي، متطلبات عائد استثمار مباشر أقل"
    },
    "automotive": {
      "adView": 4.00,
      "surveyCompletion": 20.00,
      "specialAction": 35.00,
      "description": "قطاع السيارات (السيارات الصينية)",
      "rationale": "مشتريات ذات قيمة عالية، دورة شراء غير متكررة، تحديات تصور العلامة التجارية، سوق تنافسية"
    }
  },
  "rewardTiers": {
    "basic": {
      "multiplier": 1.0,
      "description": "المستوى الأساسي"
    },
    "silver": {
      "multiplier": 1.2,
      "description": "المستوى الفضي",
      "requirements": "إكمال 10 إعلانات أو 5 استبيانات"
    },
    "gold": {
      "multiplier": 1.5,
      "description": "المستوى الذهبي",
      "requirements": "إكمال 25 إعلانات أو 10 استبيانات"
    },
    "platinum": {
      "multiplier": 2.0,
      "description": "المستوى البلاتيني",
      "requirements": "إكمال 50 إعلانات أو 20 استبيانات"
    }
  },
  "seasonalMultipliers": {
    "ramadan": 1.5,
    "hajj": 1.3,
    "backToSchool": 1.2,
    "nationalDay": 1.4
  },
  "specialPromotions": {
    "newUser": {
      "multiplier": 1.5,
      "duration": "7 days",
      "description": "مكافأة الترحيب للمستخدمين الجدد"
    },
    "referral": {
      "reward": 20.00,
      "description": "مكافأة دعوة صديق"
    },
    "completionStreak": {
      "threeDay": 1.1,
      "sevenDay": 1.25,
      "thirtyDay": 1.5,
      "description": "مكافأة المشاركة المستمرة"
    }
  }
}
